<?xml version='1.0' encoding='UTF-8'?>
<project name='ChangeCounter' id='13566648' tid='ht77arzq:13566648' labels='Inicio_del_projecto' dumpFileVersion='4.0.0' dumpTimestamp='@1395818097098'>
  <teamMember name='David Abril' tmid='90251806' initials='DA' startDate='@1393977600000' startCalendarDate='2014-03-05' hoursPerWeek='6.0'>
    <scheduleException week='6' hours='16.0'/>
    <scheduleException week='9' hours='2.0'/>
    <scheduleException week='0' hours='0.0'/>
  </teamMember>
  <teamMember name='Felipe Fagua' tmid='78568887' initials='FF' startDate='@1393977600000' startCalendarDate='2014-03-05' hoursPerWeek='6.0'>
    <scheduleException week='6' hours='16.0'/>
    <scheduleException week='9' hours='2.0'/>
    <scheduleException week='0' hours='0.0'/>
  </teamMember>
  <teamMember name='Gabriel Martinez' tmid='1381840709' initials='GM' startDate='@1393977600000' startCalendarDate='2014-03-05' hoursPerWeek='6.0'>
    <scheduleException week='6' hours='16.0'/>
    <scheduleException week='9' hours='2.0'/>
    <scheduleException week='0' hours='0.0'/>
  </teamMember>
  <teamMember name='Ingrid Echavarria' tmid='1749577063' initials='IE' startDate='@1393977600000' startCalendarDate='2014-03-05' hoursPerWeek='6.0'>
    <scheduleException week='6' hours='16.0'/>
    <scheduleException week='9' hours='2.0'/>
    <scheduleException week='0' hours='0.0'/>
  </teamMember>
  <teamMember name='Paula Castellanos' tmid='1862250478' initials='PC' startDate='@1393977600000' startCalendarDate='2014-03-05' hoursPerWeek='6.0'>
    <scheduleException week='6' hours='16.0'/>
    <scheduleException week='9' hours='2.0'/>
    <scheduleException week='0' hours='0.0'/>
  </teamMember>
  <teamMember name='Carlos Roa' tmid='2019855370' initials='CR' startDate='@1393977600000' startCalendarDate='2014-03-05' hoursPerWeek='6.0'>
    <scheduleException week='6' hours='16.0'/>
    <scheduleException week='9' hours='2.0'/>
    <scheduleException week='0' hours='0.0'/>
  </teamMember>
	<component name='Ciclo1' id='13566456' tid='ht77arzq:13566456' labels='none'>
		<task name='Launch' id='13566459' tid='ht77arzq:13566459' labels='LUA1' effectivePhase='Misc'>
			<note author='Carlos Felipe Roa' timestamp='@1395757122696' format='text'>PSP Course, &#10;Chapter 1,2,3 and Appe A</note>
			<task name='INFOForm' id='13566467' tid='ht77arzq:13566467' labels='LUA1' phaseName='Misc' phaseType='MGMT' deferredTime=',DA=5,FF=5,GM=5,IE=5,PC=5,'/>
			<task name='ProyectCharter' id='13566468' tid='ht77arzq:13566468' labels='LUA1' phaseName='Misc' phaseType='MGMT' deferredTime=',CR=8,'/>
			<task name='WeekForm' id='13566469' tid='ht77arzq:13566469' labels='LUA1' phaseName='Misc' phaseType='MGMT' deferredTime=',PC=1,'/>
		</task>
		<task name='Strategy' id='13566466' tid='ht77arzq:13566466' labels='STRAT1' effectivePhase='Strategy'>
			<dependency name='/ChangeCounter/Ciclo1/Launch' tid='ht77arzq:13566459' source='wbs'/>
			<note author='Carlos Felipe Roa' timestamp='@1395755508561' format='text'>Chapter 4</note>
			<task name='Conceptual Desing' id='13566473' tid='ht77arzq:13566473' labels='STRAT1' phaseName='Strategy' phaseType='STRAT' deferredTime=',unassigned=8,'/>
			<task name='ITL' id='13566471' tid='ht77arzq:13566471' labels='STRAT1' phaseName='Strategy' phaseType='STRAT'/>
			<task name='STRAT' id='13566472' tid='ht77arzq:13566472' labels='STRAT1' phaseName='Strategy' phaseType='STRAT'/>
			<task name='Configuration plan' id='13566548' tid='ht77arzq:13566548' labels='STRAT1' phaseName='Strategy' phaseType='STRAT' deferredTime=',GM=0,'/>
		</task>
		<task name='Planning' id='13566460' tid='ht77arzq:13566460' labels='PLAN1' effectivePhase='Planning'>
			<dependency name='/ChangeCounter/Ciclo1/Strategy' tid='ht77arzq:13566466' source='wbs'/>
			<note author='Carlos Felipe Roa' timestamp='@1395757115601' format='text'>Chapter 5</note>
			<task name='SUMS' id='13566490' tid='ht77arzq:13566490' labels='PLAN1' phaseName='Planning' phaseType='PLAN' deferredTime=',IE=0,'/>
			<task name='TASK' id='13566491' tid='ht77arzq:13566491' labels='PLAN1' phaseName='Planning' phaseType='PLAN' deferredTime=',IE=0,'/>
			<task name='SUMTASK' id='13566534' tid='ht77arzq:13566534' labels='PLAN1' phaseName='Planning' phaseType='PLAN' deferredTime=',IE=0,'/>
			<task name='SCHEDULE' id='13566492' tid='ht77arzq:13566492' labels='PLAN1' phaseName='Planning' phaseType='PLAN' deferredTime=',IE=0,'/>
			<task name='SUMP' id='13566533' tid='ht77arzq:13566533' labels='PLAN1' phaseName='Planning' phaseType='PLAN' deferredTime=',IE=0,'/>
			<task name='SUMQ' id='13566493' tid='ht77arzq:13566493' labels='PLAN1' phaseName='Planning' phaseType='PLAN' deferredTime=',DA=0,'/>
			<task name='Personal TASK' id='13566494' tid='ht77arzq:13566494' labels='PLAN1' phaseName='Planning' phaseType='PLAN' deferredTime=',DA=0,FF=0,GM=0,IE=0,PC=0,CR=0,'/>
			<task name='Personal SCHEDULE' id='13566495' tid='ht77arzq:13566495' labels='PLAN1' phaseName='Planning' phaseType='PLAN' deferredTime=',DA=0,FF=0,GM=0,IE=0,PC=0,CR=0,'/>
			<task name='Balance TASK' id='13566496' tid='ht77arzq:13566496' labels='PLAN1' phaseName='Planning' phaseType='PLAN' deferredTime=',IE=0,'/>
			<task name='Balance SCHEDULE' id='13566497' tid='ht77arzq:13566497' labels='PLAN1' phaseName='Planning' phaseType='PLAN' deferredTime=',IE=0,'/>
		</task>
		<task name='Reqts' id='13566461' tid='ht77arzq:13566461' labels='REQ1' effectivePhase='Reqts'>
			<dependency name='/ChangeCounter/Ciclo1/Planning' tid='ht77arzq:13566460' source='wbs'/>
			<note author='Carlos Felipe Roa' timestamp='@1395758192104' format='text'>Chapter 6, Chapter 9, Need statement</note>
			<task name='Reqts Review' id='13566475' tid='ht77arzq:13566475' labels='REQ1' phaseName='Reqts Review' phaseType='REQINSP' deferredTime=',FF=0,' inspUnits='Req Pages' inspSize='0'/>
			<task name='SRS' id='13566499' tid='ht77arzq:13566499' labels='REQ1' phaseName='Reqts Review' phaseType='REQINSP' deferredTime=',DA=0,FF=0,GM=0,IE=0,PC=0,CR=0,' inspUnits='Req Pages' inspSize='0'/>
			<task name='SRS Baseline' id='13566549' tid='ht77arzq:13566549' labels='REQ1' phaseName='Reqts Review' phaseType='REQINSP' deferredTime=',GM=0,' inspUnits='Req Pages' inspSize='0'/>
			<task name='Reqts Inspect' id='13566476' tid='ht77arzq:13566476' labels='REQ1' phaseName='Reqts Inspect' phaseType='REQINSP' deferredTime=',DA=0,' inspUnits='Req Pages' inspSize='0'/>
			<task name='Sys Test Plan' id='13566498' tid='ht77arzq:13566498' labels='REQ1' phaseName='Sys Test Plan' phaseType='STP' deferredTime=',FF=0,'/>
			<task name='INS' id='13566503' tid='ht77arzq:13566503' labels='REQ1' phaseName='Sys Test Plan' phaseType='STP' deferredTime=',DA=0,'/>
			<task name='CCR' id='13566504' tid='ht77arzq:13566504' labels='REQ1' phaseName='Sys Test Plan' phaseType='STP' deferredTime=',DA=0,'/>
		</task>
		<task name='Design' id='13566477' tid='ht77arzq:13566477' labels='DES1' effectivePhase='HLD'>
			<dependency name='/ChangeCounter/Ciclo1/Reqts' tid='ht77arzq:13566461' source='wbs'/>
			<note author='Carlos Felipe Roa' timestamp='@1395772482073' format='text'>Chapter 7</note>
			<task name='Design Standards' id='13566505' tid='ht77arzq:13566505' labels='DES1' phaseName='HLD' phaseType='HLD' deferredTime=',DA=0,'/>
			<task name='Reuse Standards' id='13566506' tid='ht77arzq:13566506' labels='DES1' effectivePhase='HLD'>
				<task name='Interface' id='13566507' tid='ht77arzq:13566507' labels='DES1' phaseName='HLD' phaseType='HLD' deferredTime=',DA=0,'/>
				<task name='Documentation' id='13566508' tid='ht77arzq:13566508' labels='DES1' phaseName='HLD' phaseType='HLD' deferredTime=',DA=0,'/>
			</task>
			<task name='Int Test Plan' id='13566478' tid='ht77arzq:13566478' labels='DES1' phaseName='Int Test Plan' phaseType='ITP' deferredTime=',FF=0,PC=0,'/>
			<task name='HLD' id='13566462' tid='ht77arzq:13566462' labels='DES1' phaseName='HLD' phaseType='HLD' deferredTime=',FF=0,'/>
			<task name='SDS' id='13566510' tid='ht77arzq:13566510' labels='DES1' phaseName='Design' phaseType='DLD' deferredTime=',FF=0,'/>
			<task name='SDS Baseline' id='13566550' tid='ht77arzq:13566550' labels='DES1' phaseName='Design' phaseType='DLD' deferredTime=',GM=0,'/>
			<task name='INS' id='13566512' tid='ht77arzq:13566512' labels='DES1' phaseName='Design' phaseType='DLD' deferredTime=',DA=0,'/>
			<task name='LOGD' id='13566513' tid='ht77arzq:13566513' labels='DES1' phaseName='Design' phaseType='DLD' deferredTime=',FF=0,'/>
			<task name='UpdateSUMP' id='13566514' tid='ht77arzq:13566514' labels='DES1' phaseName='Design' phaseType='DLD' deferredTime=',IE=0,'/>
			<task name='UpdateSUMQ' id='13566515' tid='ht77arzq:13566515' labels='DES1' phaseName='Design' phaseType='DLD' deferredTime=',DA=0,'/>
			<task name='HLD Inspect' id='13566479' tid='ht77arzq:13566479' labels='DES1' phaseName='HLD Inspect' phaseType='HLDRINSP' deferredTime=',DA=0,' inspUnits='HLD Pages' inspSize='0'/>
			<task name='Design Review' id='13566481' tid='ht77arzq:13566481' labels='DES1' phaseName='Design Review' phaseType='DLDR' deferredTime=',DA=0,FF=0,GM=0,IE=0,PC=0,CR=0,' inspUnits='DLD Lines' inspSize='0'/>
			<task name='Test Devel' id='13566482' tid='ht77arzq:13566482' labels='DES1' phaseName='Test Devel' phaseType='TD' deferredTime=',DA=0,FF=0,GM=0,IE=0,PC=0,CR=0,'>
				<dependency name='/ChangeCounter/Ciclo1/Design' tid='ht77arzq:13566477' source='wbs'/>
			</task>
			<task name='Design Inspect' id='13566483' tid='ht77arzq:13566483' labels='DES1' phaseName='Design Inspect' phaseType='DLDINSP' deferredTime=',DA=0,' inspUnits='DLD Lines' inspSize='0'>
				<dependency name='/ChangeCounter/Ciclo1/Design/Test Devel' tid='ht77arzq:13566482' source='wbs'/>
			</task>
		</task>
		<task name='Code' id='13566463' tid='ht77arzq:13566463' labels='IMP1' effectivePhase='Code'>
			<dependency name='/ChangeCounter/Ciclo1/Design' tid='ht77arzq:13566477' source='wbs'/>
			<note author='Carlos Felipe Roa' timestamp='@1395774961236' format='text'>Chapter 8&#10;PSP2.1 PSP3.0</note>
			<task name='Implementation Standards' id='13566517' tid='ht77arzq:13566517' labels='IMP1' phaseName='Code' phaseType='CODE'/>
			<task name='Detailed Design' id='13566535' tid='ht77arzq:13566535' labels='IMP1' phaseName='Design' phaseType='DLD' deferredTime=',DA=0,FF=0,GM=0,IE=0,PC=0,CR=0,'/>
			<task name='Implementation' id='13566518' tid='ht77arzq:13566518' labels='IMP1' phaseName='Code' phaseType='CODE' deferredTime=',DA=0,FF=0,GM=0,IE=0,PC=0,CR=0,'/>
			<task name='Code Review' id='13566484' tid='ht77arzq:13566484' labels='IMP1' phaseName='Code Review' phaseType='CR' deferredTime=',DA=0,FF=0,GM=0,IE=0,PC=0,CR=0,' inspUnits='LOC' inspSize='0'/>
			<task name='Code Inspect' id='13566485' tid='ht77arzq:13566485' labels='IMP1' phaseName='Code Inspect' phaseType='CODEINSP' deferredTime=',DA=0,FF=0,GM=0,IE=0,PC=0,CR=0,' inspUnits='LOC' inspSize='0'/>
			<task name='UpdateSUMP' id='13566519' tid='ht77arzq:13566519' labels='IMP1' phaseName='Code Inspect' phaseType='CODEINSP' deferredTime=',IE=0,' inspUnits='LOC' inspSize='0'/>
			<task name='UpdateSUMQ' id='13566520' tid='ht77arzq:13566520' labels='IMP1' phaseName='Code Inspect' phaseType='CODEINSP' deferredTime=',DA=0,' inspUnits='LOC' inspSize='0'/>
			<task name='UpdateLOGD' id='13566521' tid='ht77arzq:13566521' labels='IMP1' phaseName='Code Inspect' phaseType='CODEINSP' deferredTime=',DA=0,FF=0,GM=0,IE=0,PC=0,CR=0,' inspUnits='LOC' inspSize='0'/>
			<task name='UpdateLOGT' id='13566522' tid='ht77arzq:13566522' labels='IMP1' phaseName='Code Inspect' phaseType='CODEINSP' deferredTime=',DA=0,FF=0,GM=0,IE=0,PC=0,CR=0,' inspUnits='LOC' inspSize='0'/>
			<task name='Unit Test' id='13566524' tid='ht77arzq:13566524' labels='IMP1' phaseName='Test' phaseType='UT' deferredTime=',DA=0,FF=0,GM=0,IE=0,PC=0,CR=0,'/>
			<task name='Component Baseline' id='13566551' tid='ht77arzq:13566551' labels='IMP1' phaseName='Test' phaseType='UT' deferredTime=',GM=0,'/>
		</task>
		<task name='Test' id='13566487' tid='ht77arzq:13566487' labels='TEST1' effectivePhase='Test'>
			<dependency name='/ChangeCounter/Ciclo1/Code' tid='ht77arzq:13566463' source='wbs'/>
			<note author='Carlos Felipe Roa' timestamp='@1395775197299' format='text'>Chapter 9</note>
			<task name='Sys Test' id='13566488' tid='ht77arzq:13566488' labels='TEST1' phaseName='Sys Test' phaseType='ST' deferredTime=',FF=0,'>
				<dependency name='/ChangeCounter/Ciclo1/Test/Int Test' tid='ht77arzq:13566464' source='wbs'/>
			</task>
			<task name='Int Test' id='13566464' tid='ht77arzq:13566464' labels='TEST1' phaseName='Int Test' phaseType='IT' deferredTime=',FF=0,'>
				<dependency name='/ChangeCounter/Ciclo1/Test' tid='ht77arzq:13566487' source='wbs'/>
			</task>
			<task name='LOGTEST' id='13566525' tid='ht77arzq:13566525' labels='TEST1' phaseName='Int Test' phaseType='IT' deferredTime=',FF=0,'/>
			<task name='User Documentation' id='13566536' tid='ht77arzq:13566536' labels='TEST1' phaseName='Documentation' phaseType='DOC' deferredTime=',FF=0,'/>
		</task>
		<task name='Postmortem' id='13566465' tid='ht77arzq:13566465' labels='PM1' effectivePhase='Postmortem'>
			<dependency name='/ChangeCounter/Ciclo1/Test' tid='ht77arzq:13566487' source='wbs'/>
			<note author='Carlos Felipe Roa' timestamp='@1395775654586' format='text'>Chapter 10,16,17,18</note>
			<task name='Plan report cycle' id='13566556' tid='ht77arzq:13566556' labels='PM1' phaseName='Postmortem' phaseType='PM' deferredTime=',CR=0,'/>
			<task name='PEER' id='13566501' tid='ht77arzq:13566501' labels='PM1' phaseName='Postmortem' phaseType='PM' deferredTime=',DA=0,FF=0,GM=0,IE=0,PC=0,CR=0,'/>
			<task name='PIP' id='13566502' tid='ht77arzq:13566502' labels='PM1' phaseName='Postmortem' phaseType='PM' deferredTime=',DA=0,FF=0,GM=0,IE=0,PC=0,CR=0,'/>
			<task name='Cycle Report' id='13566529' tid='ht77arzq:13566529' labels='PM1' phaseName='Postmortem' phaseType='PM' deferredTime=',DA=0,FF=0,GM=0,IE=0,PC=0,CR=0,'/>
			<task name='Role Report' id='13566530' tid='ht77arzq:13566530' labels='PM1' phaseName='Postmortem' phaseType='PM' deferredTime=',DA=0,FF=0,GM=0,IE=0,PC=0,CR=0,'/>
			<task name='Engineer Report' id='13566531' tid='ht77arzq:13566531' labels='PM1' phaseName='Postmortem' phaseType='PM' deferredTime=',DA=0,FF=0,GM=0,IE=0,PC=0,CR=0,'/>
		</task>
		<task name='Documentation' id='13566489' tid='ht77arzq:13566489' labels='none' effectivePhase='Documentation'>
			<task name='Design' id='13566526' tid='ht77arzq:13566526' labels='none' phaseName='Documentation' phaseType='DOC' time=',PC=6,'/>
			<task name='OutLine' id='13566527' tid='ht77arzq:13566527' labels='none' phaseName='Documentation' phaseType='DOC' time=',GM=6,'/>
			<task name='Review' id='13566528' tid='ht77arzq:13566528' labels='none' phaseName='Documentation' phaseType='DOC' time=',DA=0.3333333333333333,FF=0.3333333333333333,GM=0.3333333333333333,IE=0.3333333333333333,PC=0.3333333333333333,CR=0.3333333333333333,'/>
		</task>
		<task name='Every Week' id='13566537' tid='ht77arzq:13566537' labels='none' effectivePhase='Postmortem'>
			<task name='weekly meeting' id='13566539' tid='ht77arzq:13566539' labels='none' phaseName='Postmortem' phaseType='PM' time=',DA=0.25,FF=0.25,GM=0.25,IE=0.25,PC=0.25,CR=0.25,'/>
			<task name='Instructor report' id='13566557' tid='ht77arzq:13566557' labels='none' phaseName='Postmortem' phaseType='PM' time=',CR=0.3,'/>
			<task name='Weekly report' id='13566543' tid='ht77arzq:13566543' labels='none' phaseName='Postmortem' phaseType='PM' time=',IE=0.23333333333333334,'/>
			<task name='Weekly analysis' id='13566544' tid='ht77arzq:13566544' labels='none' phaseName='Postmortem' phaseType='PM' time=',IE=0.23333333333333334,'/>
			<task name='Quality review' id='13566547' tid='ht77arzq:13566547' labels='none' phaseName='Postmortem' phaseType='PM' time=',DA=0.23333333333333334,'/>
			<task name='Data reporting' id='13566540' tid='ht77arzq:13566540' labels='none' phaseName='Postmortem' phaseType='PM' time=',DA=0.11666666666666667,FF=0.11666666666666667,GM=0.11666666666666667,IE=0.11666666666666667,PC=0.11666666666666667,CR=0.11666666666666667,'/>
			<task name='CCB' id='13566541' tid='ht77arzq:13566541' labels='none' phaseName='Postmortem' phaseType='PM' time=',DA=0.23333333333333334,'/>
			<task name='Build Control' id='13566542' tid='ht77arzq:13566542' labels='none' phaseName='Postmortem' phaseType='PM' time=',FF=0.23333333333333334,'/>
			<task name='Update NoteBook' id='13566546' tid='ht77arzq:13566546' labels='none' phaseName='Postmortem' phaseType='PM' time=',PC=0.11666666666666667,CR=0.11666666666666667,'/>
			<task name='Poduct Baseline' id='13566552' tid='ht77arzq:13566552' labels='none' phaseName='Postmortem' phaseType='PM' time=',GM=0.23333333333333334,'/>
			<task name='Manager change' id='13566553' tid='ht77arzq:13566553' labels='none' phaseName='Postmortem' phaseType='PM' time=',PC=0.23333333333333334,'/>
			<task name='Control ITL' id='13566554' tid='ht77arzq:13566554' labels='none' phaseName='Postmortem' phaseType='PM' time=',PC=0.23333333333333334,'/>
			<task name='Name Glossary' id='13566555' tid='ht77arzq:13566555' labels='none' phaseName='Postmortem' phaseType='PM' time=',PC=0.23333333333333334,'/>
			<task name='Task and issues' id='13566558' tid='ht77arzq:13566558' labels='none' phaseName='Postmortem' phaseType='PM' time=',CR=0.23333333333333334,'/>
		</task>
	</component>
	<component name='Ciclo2' id='13566559' tid='ht77arzq:13566559' labels='none'>
		<task name='Launch' id='13566560' tid='ht77arzq:13566560' labels='none' effectivePhase='Misc'>
			<note author='Carlos Felipe Roa' timestamp='@1395757122696' format='text'>PSP Course, &#10;Chapter 1,2,3 and Appe A</note>
			<task name='INFOForm' id='13566561' tid='ht77arzq:13566561' labels='none' phaseName='Misc' phaseType='MGMT' time=',DA=0,FF=0,GM=0,IE=0,PC=0,CR=0,'/>
			<task name='ProyectCharter' id='13566562' tid='ht77arzq:13566562' labels='none' phaseName='Misc' phaseType='MGMT' time=',CR=0,'/>
			<task name='WeekForm' id='13566563' tid='ht77arzq:13566563' labels='none' phaseName='Misc' phaseType='MGMT' time=',PC=0,'/>
		</task>
		<task name='Strategy' id='13566564' tid='ht77arzq:13566564' labels='none' effectivePhase='Strategy'>
			<dependency name='/ChangeCounter/Ciclo2/Launch' tid='ht77arzq:13566560' source='wbs'/>
			<note author='Carlos Felipe Roa' timestamp='@1395755508561' format='text'>Chapter 4</note>
			<task name='Conceptual Desing' id='13566565' tid='ht77arzq:13566565' labels='none' phaseName='Strategy' phaseType='STRAT' time=',FF=0,'/>
			<task name='ITL' id='13566566' tid='ht77arzq:13566566' labels='none' phaseName='Strategy' phaseType='STRAT' time=',FF=0,'/>
			<task name='STRAT' id='13566567' tid='ht77arzq:13566567' labels='none' phaseName='Strategy' phaseType='STRAT' time=',FF=0,'/>
			<task name='Configuration plan' id='13566568' tid='ht77arzq:13566568' labels='none' phaseName='Strategy' phaseType='STRAT' time=',GM=0,'/>
		</task>
		<task name='Planning' id='13566569' tid='ht77arzq:13566569' labels='none' effectivePhase='Planning'>
			<dependency name='/ChangeCounter/Ciclo2/Strategy' tid='ht77arzq:13566564' source='wbs'/>
			<note author='Carlos Felipe Roa' timestamp='@1395757115601' format='text'>Chapter 5</note>
			<task name='SUMS' id='13566570' tid='ht77arzq:13566570' labels='none' phaseName='Planning' phaseType='PLAN' time=',IE=0,'/>
			<task name='TASK' id='13566571' tid='ht77arzq:13566571' labels='none' phaseName='Planning' phaseType='PLAN' time=',IE=0,'/>
			<task name='SUMTASK' id='13566572' tid='ht77arzq:13566572' labels='none' phaseName='Planning' phaseType='PLAN' time=',IE=0,'/>
			<task name='SCHEDULE' id='13566573' tid='ht77arzq:13566573' labels='none' phaseName='Planning' phaseType='PLAN' time=',IE=0,'/>
			<task name='SUMP' id='13566574' tid='ht77arzq:13566574' labels='none' phaseName='Planning' phaseType='PLAN' time=',IE=0,'/>
			<task name='SUMQ' id='13566575' tid='ht77arzq:13566575' labels='none' phaseName='Planning' phaseType='PLAN' time=',DA=0,'/>
			<task name='Personal TASK' id='13566576' tid='ht77arzq:13566576' labels='none' phaseName='Planning' phaseType='PLAN' time=',DA=0,FF=0,GM=0,IE=0,PC=0,CR=0,'/>
			<task name='Personal SCHEDULE' id='13566577' tid='ht77arzq:13566577' labels='none' phaseName='Planning' phaseType='PLAN' time=',DA=0,FF=0,GM=0,IE=0,PC=0,CR=0,'/>
			<task name='Balance TASK' id='13566578' tid='ht77arzq:13566578' labels='none' phaseName='Planning' phaseType='PLAN' time=',IE=0,'/>
			<task name='Balance SCHEDULE' id='13566579' tid='ht77arzq:13566579' labels='none' phaseName='Planning' phaseType='PLAN' time=',IE=0,'/>
		</task>
		<task name='Reqts' id='13566580' tid='ht77arzq:13566580' labels='none' effectivePhase='Reqts'>
			<dependency name='/ChangeCounter/Ciclo2/Planning' tid='ht77arzq:13566569' source='wbs'/>
			<note author='Carlos Felipe Roa' timestamp='@1395758192104' format='text'>Chapter 6, Chapter 9, Need statement</note>
			<task name='Reqts Review' id='13566581' tid='ht77arzq:13566581' labels='none' phaseName='Reqts Review' phaseType='REQINSP' time=',FF=0,' inspUnits='Req Pages' inspSize='0'/>
			<task name='SRS' id='13566582' tid='ht77arzq:13566582' labels='none' phaseName='Reqts Review' phaseType='REQINSP' time=',DA=0,FF=0,GM=0,IE=0,PC=0,CR=0,' inspUnits='Req Pages' inspSize='0'/>
			<task name='SRS Baseline' id='13566583' tid='ht77arzq:13566583' labels='none' phaseName='Reqts Review' phaseType='REQINSP' time=',GM=0,' inspUnits='Req Pages' inspSize='0'/>
			<task name='Reqts Inspect' id='13566584' tid='ht77arzq:13566584' labels='none' phaseName='Reqts Inspect' phaseType='REQINSP' time=',DA=0,' inspUnits='Req Pages' inspSize='0'/>
			<task name='Sys Test Plan' id='13566585' tid='ht77arzq:13566585' labels='none' phaseName='Sys Test Plan' phaseType='STP' time=',FF=0,'/>
			<task name='INS' id='13566586' tid='ht77arzq:13566586' labels='none' phaseName='Sys Test Plan' phaseType='STP' time=',DA=0,'/>
			<task name='CCR' id='13566587' tid='ht77arzq:13566587' labels='none' phaseName='Sys Test Plan' phaseType='STP' time=',DA=0,'/>
		</task>
		<task name='Design' id='13566588' tid='ht77arzq:13566588' labels='none' effectivePhase='HLD'>
			<dependency name='/ChangeCounter/Ciclo2/Reqts' tid='ht77arzq:13566580' source='wbs'/>
			<note author='Carlos Felipe Roa' timestamp='@1395772482073' format='text'>Chapter 7</note>
			<task name='Design Standards' id='13566589' tid='ht77arzq:13566589' labels='none' phaseName='HLD' phaseType='HLD' time=',DA=0,'/>
			<task name='Reuse Standards' id='13566590' tid='ht77arzq:13566590' labels='none' effectivePhase='HLD'>
				<task name='Interface' id='13566591' tid='ht77arzq:13566591' labels='none' phaseName='HLD' phaseType='HLD' time=',DA=0,'/>
				<task name='Documentation' id='13566592' tid='ht77arzq:13566592' labels='none' phaseName='HLD' phaseType='HLD' time=',DA=0,'/>
			</task>
			<task name='Int Test Plan' id='13566593' tid='ht77arzq:13566593' labels='none' phaseName='Int Test Plan' phaseType='ITP' time=',FF=0,PC=0,'/>
			<task name='HLD' id='13566594' tid='ht77arzq:13566594' labels='none' phaseName='HLD' phaseType='HLD' time=',FF=0,'/>
			<task name='SDS' id='13566595' tid='ht77arzq:13566595' labels='none' phaseName='Design' phaseType='DLD' time=',FF=0,'/>
			<task name='SDS Baseline' id='13566596' tid='ht77arzq:13566596' labels='none' phaseName='Design' phaseType='DLD' time=',GM=0,'/>
			<task name='INS' id='13566597' tid='ht77arzq:13566597' labels='none' phaseName='Design' phaseType='DLD' time=',DA=0,'/>
			<task name='LOGD' id='13566598' tid='ht77arzq:13566598' labels='none' phaseName='Design' phaseType='DLD' time=',FF=0,'/>
			<task name='UpdateSUMP' id='13566599' tid='ht77arzq:13566599' labels='none' phaseName='Design' phaseType='DLD' time=',IE=0,'/>
			<task name='UpdateSUMQ' id='13566600' tid='ht77arzq:13566600' labels='none' phaseName='Design' phaseType='DLD' time=',DA=0,'/>
			<task name='HLD Inspect' id='13566601' tid='ht77arzq:13566601' labels='none' phaseName='HLD Inspect' phaseType='HLDRINSP' time=',DA=0,' inspUnits='HLD Pages' inspSize='0'/>
			<task name='Design Review' id='13566602' tid='ht77arzq:13566602' labels='none' phaseName='Design Review' phaseType='DLDR' time=',DA=0,FF=0,GM=0,IE=0,PC=0,CR=0,' inspUnits='DLD Lines' inspSize='0'/>
			<task name='Test Devel' id='13566603' tid='ht77arzq:13566603' labels='none' phaseName='Test Devel' phaseType='TD' time=',DA=0,FF=0,GM=0,IE=0,PC=0,CR=0,'>
				<dependency name='/ChangeCounter/Ciclo2/Design' tid='ht77arzq:13566588' source='wbs'/>
			</task>
			<task name='Design Inspect' id='13566604' tid='ht77arzq:13566604' labels='none' phaseName='Design Inspect' phaseType='DLDINSP' time=',DA=0,' inspUnits='DLD Lines' inspSize='0'>
				<dependency name='/ChangeCounter/Ciclo2/Design/Test Devel' tid='ht77arzq:13566603' source='wbs'/>
			</task>
		</task>
		<task name='Code' id='13566605' tid='ht77arzq:13566605' labels='none' effectivePhase='Code'>
			<dependency name='/ChangeCounter/Ciclo2/Design' tid='ht77arzq:13566588' source='wbs'/>
			<note author='Carlos Felipe Roa' timestamp='@1395774961236' format='text'>Chapter 8&#10;PSP2.1 PSP3.0</note>
			<task name='Implementation Standards' id='13566606' tid='ht77arzq:13566606' labels='none' phaseName='Code' phaseType='CODE'/>
			<task name='Detailed Design' id='13566607' tid='ht77arzq:13566607' labels='none' phaseName='Design' phaseType='DLD' time=',DA=0,FF=0,GM=0,IE=0,PC=0,CR=0,'/>
			<task name='Implementation' id='13566608' tid='ht77arzq:13566608' labels='none' phaseName='Code' phaseType='CODE' time=',DA=0,FF=0,GM=0,IE=0,PC=0,CR=0,'/>
			<task name='Code Review' id='13566609' tid='ht77arzq:13566609' labels='none' phaseName='Code Review' phaseType='CR' time=',DA=0,FF=0,GM=0,IE=0,PC=0,CR=0,' inspUnits='LOC' inspSize='0'/>
			<task name='Code Inspect' id='13566610' tid='ht77arzq:13566610' labels='none' phaseName='Code Inspect' phaseType='CODEINSP' time=',DA=0,FF=0,GM=0,IE=0,PC=0,CR=0,' inspUnits='LOC' inspSize='0'/>
			<task name='UpdateSUMP' id='13566611' tid='ht77arzq:13566611' labels='none' phaseName='Code Inspect' phaseType='CODEINSP' time=',IE=0,' inspUnits='LOC' inspSize='0'/>
			<task name='UpdateSUMQ' id='13566612' tid='ht77arzq:13566612' labels='none' phaseName='Code Inspect' phaseType='CODEINSP' time=',DA=0,' inspUnits='LOC' inspSize='0'/>
			<task name='UpdateLOGD' id='13566613' tid='ht77arzq:13566613' labels='none' phaseName='Code Inspect' phaseType='CODEINSP' time=',DA=0,FF=0,GM=0,IE=0,PC=0,CR=0,' inspUnits='LOC' inspSize='0'/>
			<task name='UpdateLOGT' id='13566614' tid='ht77arzq:13566614' labels='none' phaseName='Code Inspect' phaseType='CODEINSP' time=',DA=0,FF=0,GM=0,IE=0,PC=0,CR=0,' inspUnits='LOC' inspSize='0'/>
			<task name='Unit Test' id='13566615' tid='ht77arzq:13566615' labels='none' phaseName='Test' phaseType='UT' time=',DA=0,FF=0,GM=0,IE=0,PC=0,CR=0,'/>
			<task name='Component Baseline' id='13566616' tid='ht77arzq:13566616' labels='none' phaseName='Test' phaseType='UT' time=',GM=0,'/>
		</task>
		<task name='Test' id='13566617' tid='ht77arzq:13566617' labels='none' effectivePhase='Test'>
			<dependency name='/ChangeCounter/Ciclo2/Code' tid='ht77arzq:13566605' source='wbs'/>
			<note author='Carlos Felipe Roa' timestamp='@1395775197299' format='text'>Chapter 9</note>
			<task name='Sys Test' id='13566618' tid='ht77arzq:13566618' labels='none' phaseName='Sys Test' phaseType='ST' time=',FF=0,'>
				<dependency name='/ChangeCounter/Ciclo2/Test/Int Test' tid='ht77arzq:13566619' source='wbs'/>
			</task>
			<task name='Int Test' id='13566619' tid='ht77arzq:13566619' labels='none' phaseName='Int Test' phaseType='IT' time=',FF=0,'>
				<dependency name='/ChangeCounter/Ciclo2/Test' tid='ht77arzq:13566617' source='wbs'/>
			</task>
			<task name='LOGTEST' id='13566620' tid='ht77arzq:13566620' labels='none' phaseName='Int Test' phaseType='IT' time=',FF=0,'/>
			<task name='User Documentation' id='13566621' tid='ht77arzq:13566621' labels='none' phaseName='Documentation' phaseType='DOC' time=',FF=0,'/>
		</task>
		<task name='Documentation' id='13566622' tid='ht77arzq:13566622' labels='none' effectivePhase='Documentation'>
			<task name='Design' id='13566623' tid='ht77arzq:13566623' labels='none' phaseName='Documentation' phaseType='DOC' time=',PC=0,'/>
			<task name='OutLine' id='13566624' tid='ht77arzq:13566624' labels='none' phaseName='Documentation' phaseType='DOC' time=',GM=0,'/>
			<task name='Review' id='13566625' tid='ht77arzq:13566625' labels='none' phaseName='Documentation' phaseType='DOC' time=',DA=0,FF=0,GM=0,IE=0,PC=0,CR=0,'/>
		</task>
		<task name='Postmortem' id='13566626' tid='ht77arzq:13566626' labels='none' effectivePhase='Postmortem'>
			<dependency name='/ChangeCounter/Ciclo2/Test' tid='ht77arzq:13566617' source='wbs'/>
			<note author='Carlos Felipe Roa' timestamp='@1395775654586' format='text'>Chapter 10,16,17,18</note>
			<task name='Plan report cycle' id='13566627' tid='ht77arzq:13566627' labels='none' phaseName='Postmortem' phaseType='PM' time=',CR=0,'/>
			<task name='PEER' id='13566628' tid='ht77arzq:13566628' labels='none' phaseName='Postmortem' phaseType='PM' time=',DA=0,FF=0,GM=0,IE=0,PC=0,CR=0,'/>
			<task name='PIP' id='13566629' tid='ht77arzq:13566629' labels='none' phaseName='Postmortem' phaseType='PM' time=',DA=0,FF=0,GM=0,IE=0,PC=0,CR=0,'/>
			<task name='Cycle Report' id='13566630' tid='ht77arzq:13566630' labels='none' phaseName='Postmortem' phaseType='PM' time=',DA=0,FF=0,GM=0,IE=0,PC=0,CR=0,'/>
			<task name='Role Report' id='13566631' tid='ht77arzq:13566631' labels='none' phaseName='Postmortem' phaseType='PM' time=',DA=0,FF=0,GM=0,IE=0,PC=0,CR=0,'/>
			<task name='Engineer Report' id='13566632' tid='ht77arzq:13566632' labels='none' phaseName='Postmortem' phaseType='PM' time=',DA=0,FF=0,GM=0,IE=0,PC=0,CR=0,'/>
		</task>
		<task name='Every Week' id='13566633' tid='ht77arzq:13566633' labels='none' effectivePhase='Postmortem'>
			<task name='weekly meeting' id='13566634' tid='ht77arzq:13566634' labels='none' phaseName='Postmortem' phaseType='PM' time=',DA=0,FF=0,GM=0,IE=0,PC=0,CR=0,'/>
			<task name='Intructor report' id='13566635' tid='ht77arzq:13566635' labels='none' phaseName='Postmortem' phaseType='PM' time=',CR=0,'/>
			<task name='Weekly report' id='13566636' tid='ht77arzq:13566636' labels='none' phaseName='Postmortem' phaseType='PM' time=',IE=0,'/>
			<task name='Weekly analysis' id='13566637' tid='ht77arzq:13566637' labels='none' phaseName='Postmortem' phaseType='PM' time=',IE=0,'/>
			<task name='Quality review' id='13566638' tid='ht77arzq:13566638' labels='none' phaseName='Postmortem' phaseType='PM' time=',DA=0,'/>
			<task name='Data reporting' id='13566639' tid='ht77arzq:13566639' labels='none' phaseName='Postmortem' phaseType='PM' time=',DA=0,FF=0,GM=0,IE=0,PC=0,CR=0,'/>
			<task name='CCB' id='13566640' tid='ht77arzq:13566640' labels='none' phaseName='Postmortem' phaseType='PM' time=',DA=0,'/>
			<task name='Build Control' id='13566641' tid='ht77arzq:13566641' labels='none' phaseName='Postmortem' phaseType='PM' time=',FF=0,'/>
			<task name='Update NoteBook' id='13566642' tid='ht77arzq:13566642' labels='none' phaseName='Postmortem' phaseType='PM' time=',PC=0,CR=0,'/>
			<task name='Poduct Baseline' id='13566643' tid='ht77arzq:13566643' labels='none' phaseName='Postmortem' phaseType='PM' time=',GM=0,'/>
			<task name='Maneger change' id='13566644' tid='ht77arzq:13566644' labels='none' phaseName='Postmortem' phaseType='PM' time=',PC=0,'/>
			<task name='ILT' id='13566645' tid='ht77arzq:13566645' labels='none' phaseName='Postmortem' phaseType='PM' time=',PC=0,'/>
			<task name='Name Glossary' id='13566646' tid='ht77arzq:13566646' labels='none' phaseName='Postmortem' phaseType='PM' time=',PC=0,'/>
			<task name='Task and issues' id='13566647' tid='ht77arzq:13566647' labels='none' phaseName='Postmortem' phaseType='PM' time=',CR=0,'/>
		</task>
	</component>
</project>
